url,primary_keyword_en,secondary_1_en,secondary_2_en,secondary_3_en,secondary_4_en,secondary_5_en,primary_keyword_ar,secondary_1_ar,secondary_2_ar,secondary_3_ar,secondary_4_ar
https://shifaalhind.com/en/medical-tourism/saudi-arabia/riyadh/heart-surgery,Riyadh Heart Surgery India,Riyadh Heart Surgery cost,Riyadh medical visa Heart Surgery,Heart Surgery best hospital Bangalore,compare Heart Surgery Riyadh vs India,Heart Surgery Arabic support India,جراحة القلب الرياض الهند,تكلفة جراحة القلب الرياض,تأشيرة طبية جراحة القلب,أفضل مستشفى جراحة القلب الهند,جراحة القلب دعم عربي الهند
https://shifaalhind.com/en/medical-tourism/saudi-arabia/riyadh/knee-replacement,Riyadh Knee Replacement India,Riyadh Knee Replacement cost,Riyadh medical visa Knee Replacement,Knee Replacement best hospital Bangalore,compare Knee Replacement Riyadh vs India,Knee Replacement Arabic support India,استبدال الركبة الرياض الهند,تكلفة استبدال الركبة الرياض,تأشيرة طبية استبدال الركبة,أفضل مستشفى استبدال الركبة الهند,استبدال الركبة دعم عربي الهند
https://shifaalhind.com/en/medical-tourism/saudi-arabia/riyadh/ivf,Riyadh IVF & Fertility Treatment India,Riyadh IVF & Fertility Treatment cost,Riyadh medical visa IVF & Fertility Treatment,IVF & Fertility Treatment best hospital Bangalore,compare IVF & Fertility Treatment Riyadh vs India,IVF & Fertility Treatment Arabic support India,التلقيح الصناعي وعلاج الخصوبة الرياض الهند,تكلفة التلقيح الصناعي وعلاج الخصوبة الرياض,تأشيرة طبية التلقيح الصناعي وعلاج الخصوبة,أفضل مستشفى التلقيح الصناعي وعلاج الخصوبة الهند,التلقيح الصناعي وعلاج الخصوبة دعم عربي الهند
https://shifaalhind.com/en/medical-tourism/saudi-arabia/riyadh/dental-implants,Riyadh Dental Implants India,Riyadh Dental Implants cost,Riyadh medical visa Dental Implants,Dental Implants best hospital Bangalore,compare Dental Implants Riyadh vs India,Dental Implants Arabic support India,زراعة الأسنان الرياض الهند,تكلفة زراعة الأسنان الرياض,تأشيرة طبية زراعة الأسنان,أفضل مستشفى زراعة الأسنان الهند,زراعة الأسنان دعم عربي الهند
https://shifaalhind.com/en/medical-tourism/saudi-arabia/riyadh/hair-transplant,Riyadh Hair Transplant India,Riyadh Hair Transplant cost,Riyadh medical visa Hair Transplant,Hair Transplant best hospital Bangalore,compare Hair Transplant Riyadh vs India,Hair Transplant Arabic support India,زراعة الشعر الرياض الهند,تكلفة زراعة الشعر الرياض,تأشيرة طبية زراعة الشعر,أفضل مستشفى زراعة الشعر الهند,زراعة الشعر دعم عربي الهند
https://shifaalhind.com/en/medical-tourism/saudi-arabia/riyadh/cosmetic-surgery,Riyadh Cosmetic Surgery India,Riyadh Cosmetic Surgery cost,Riyadh medical visa Cosmetic Surgery,Cosmetic Surgery best hospital Bangalore,compare Cosmetic Surgery Riyadh vs India,Cosmetic Surgery Arabic support India,الجراحة التجميلية الرياض الهند,تكلفة الجراحة التجميلية الرياض,تأشيرة طبية الجراحة التجميلية,أفضل مستشفى الجراحة التجميلية الهند,الجراحة التجميلية دعم عربي الهند
https://shifaalhind.com/en/medical-tourism/saudi-arabia/riyadh/oncology-treatment,Riyadh Cancer Treatment India,Riyadh Cancer Treatment cost,Riyadh medical visa Cancer Treatment,Cancer Treatment best hospital Bangalore,compare Cancer Treatment Riyadh vs India,Cancer Treatment Arabic support India,علاج السرطان الرياض الهند,تكلفة علاج السرطان الرياض,تأشيرة طبية علاج السرطان,أفضل مستشفى علاج السرطان الهند,علاج السرطان دعم عربي الهند
https://shifaalhind.com/en/medical-tourism/saudi-arabia/riyadh/bariatric-surgery,Riyadh Bariatric Surgery India,Riyadh Bariatric Surgery cost,Riyadh medical visa Bariatric Surgery,Bariatric Surgery best hospital Bangalore,compare Bariatric Surgery Riyadh vs India,Bariatric Surgery Arabic support India,جراحة السمنة الرياض الهند,تكلفة جراحة السمنة الرياض,تأشيرة طبية جراحة السمنة,أفضل مستشفى جراحة السمنة الهند,جراحة السمنة دعم عربي الهند
https://shifaalhind.com/en/medical-tourism/saudi-arabia/jeddah/heart-surgery,Jeddah Heart Surgery India,Jeddah Heart Surgery cost,Jeddah medical visa Heart Surgery,Heart Surgery best hospital Bangalore,compare Heart Surgery Jeddah vs India,Heart Surgery Arabic support India,جراحة القلب جدة الهند,تكلفة جراحة القلب جدة,تأشيرة طبية جراحة القلب,أفضل مستشفى جراحة القلب الهند,جراحة القلب دعم عربي الهند
https://shifaalhind.com/en/medical-tourism/saudi-arabia/jeddah/knee-replacement,Jeddah Knee Replacement India,Jeddah Knee Replacement cost,Jeddah medical visa Knee Replacement,Knee Replacement best hospital Bangalore,compare Knee Replacement Jeddah vs India,Knee Replacement Arabic support India,استبدال الركبة جدة الهند,تكلفة استبدال الركبة جدة,تأشيرة طبية استبدال الركبة,أفضل مستشفى استبدال الركبة الهند,استبدال الركبة دعم عربي الهند
https://shifaalhind.com/en/medical-tourism/saudi-arabia/jeddah/ivf,Jeddah IVF & Fertility Treatment India,Jeddah IVF & Fertility Treatment cost,Jeddah medical visa IVF & Fertility Treatment,IVF & Fertility Treatment best hospital Bangalore,compare IVF & Fertility Treatment Jeddah vs India,IVF & Fertility Treatment Arabic support India,التلقيح الصناعي وعلاج الخصوبة جدة الهند,تكلفة التلقيح الصناعي وعلاج الخصوبة جدة,تأشيرة طبية التلقيح الصناعي وعلاج الخصوبة,أفضل مستشفى التلقيح الصناعي وعلاج الخصوبة الهند,التلقيح الصناعي وعلاج الخصوبة دعم عربي الهند
https://shifaalhind.com/en/medical-tourism/saudi-arabia/jeddah/dental-implants,Jeddah Dental Implants India,Jeddah Dental Implants cost,Jeddah medical visa Dental Implants,Dental Implants best hospital Bangalore,compare Dental Implants Jeddah vs India,Dental Implants Arabic support India,زراعة الأسنان جدة الهند,تكلفة زراعة الأسنان جدة,تأشيرة طبية زراعة الأسنان,أفضل مستشفى زراعة الأسنان الهند,زراعة الأسنان دعم عربي الهند
https://shifaalhind.com/en/medical-tourism/saudi-arabia/jeddah/hair-transplant,Jeddah Hair Transplant India,Jeddah Hair Transplant cost,Jeddah medical visa Hair Transplant,Hair Transplant best hospital Bangalore,compare Hair Transplant Jeddah vs India,Hair Transplant Arabic support India,زراعة الشعر جدة الهند,تكلفة زراعة الشعر جدة,تأشيرة طبية زراعة الشعر,أفضل مستشفى زراعة الشعر الهند,زراعة الشعر دعم عربي الهند
https://shifaalhind.com/en/medical-tourism/saudi-arabia/jeddah/cosmetic-surgery,Jeddah Cosmetic Surgery India,Jeddah Cosmetic Surgery cost,Jeddah medical visa Cosmetic Surgery,Cosmetic Surgery best hospital Bangalore,compare Cosmetic Surgery Jeddah vs India,Cosmetic Surgery Arabic support India,الجراحة التجميلية جدة الهند,تكلفة الجراحة التجميلية جدة,تأشيرة طبية الجراحة التجميلية,أفضل مستشفى الجراحة التجميلية الهند,الجراحة التجميلية دعم عربي الهند
https://shifaalhind.com/en/medical-tourism/saudi-arabia/jeddah/oncology-treatment,Jeddah Cancer Treatment India,Jeddah Cancer Treatment cost,Jeddah medical visa Cancer Treatment,Cancer Treatment best hospital Bangalore,compare Cancer Treatment Jeddah vs India,Cancer Treatment Arabic support India,علاج السرطان جدة الهند,تكلفة علاج السرطان جدة,تأشيرة طبية علاج السرطان,أفضل مستشفى علاج السرطان الهند,علاج السرطان دعم عربي الهند
https://shifaalhind.com/en/medical-tourism/saudi-arabia/jeddah/bariatric-surgery,Jeddah Bariatric Surgery India,Jeddah Bariatric Surgery cost,Jeddah medical visa Bariatric Surgery,Bariatric Surgery best hospital Bangalore,compare Bariatric Surgery Jeddah vs India,Bariatric Surgery Arabic support India,جراحة السمنة جدة الهند,تكلفة جراحة السمنة جدة,تأشيرة طبية جراحة السمنة,أفضل مستشفى جراحة السمنة الهند,جراحة السمنة دعم عربي الهند
https://shifaalhind.com/en/medical-tourism/saudi-arabia/dammam/heart-surgery,Dammam Heart Surgery India,Dammam Heart Surgery cost,Dammam medical visa Heart Surgery,Heart Surgery best hospital Bangalore,compare Heart Surgery Dammam vs India,Heart Surgery Arabic support India,جراحة القلب الدمام الهند,تكلفة جراحة القلب الدمام,تأشيرة طبية جراحة القلب,أفضل مستشفى جراحة القلب الهند,جراحة القلب دعم عربي الهند
https://shifaalhind.com/en/medical-tourism/saudi-arabia/dammam/knee-replacement,Dammam Knee Replacement India,Dammam Knee Replacement cost,Dammam medical visa Knee Replacement,Knee Replacement best hospital Bangalore,compare Knee Replacement Dammam vs India,Knee Replacement Arabic support India,استبدال الركبة الدمام الهند,تكلفة استبدال الركبة الدمام,تأشيرة طبية استبدال الركبة,أفضل مستشفى استبدال الركبة الهند,استبدال الركبة دعم عربي الهند
https://shifaalhind.com/en/medical-tourism/saudi-arabia/dammam/ivf,Dammam IVF & Fertility Treatment India,Dammam IVF & Fertility Treatment cost,Dammam medical visa IVF & Fertility Treatment,IVF & Fertility Treatment best hospital Bangalore,compare IVF & Fertility Treatment Dammam vs India,IVF & Fertility Treatment Arabic support India,التلقيح الصناعي وعلاج الخصوبة الدمام الهند,تكلفة التلقيح الصناعي وعلاج الخصوبة الدمام,تأشيرة طبية التلقيح الصناعي وعلاج الخصوبة,أفضل مستشفى التلقيح الصناعي وعلاج الخصوبة الهند,التلقيح الصناعي وعلاج الخصوبة دعم عربي الهند
https://shifaalhind.com/en/medical-tourism/saudi-arabia/dammam/dental-implants,Dammam Dental Implants India,Dammam Dental Implants cost,Dammam medical visa Dental Implants,Dental Implants best hospital Bangalore,compare Dental Implants Dammam vs India,Dental Implants Arabic support India,زراعة الأسنان الدمام الهند,تكلفة زراعة الأسنان الدمام,تأشيرة طبية زراعة الأسنان,أفضل مستشفى زراعة الأسنان الهند,زراعة الأسنان دعم عربي الهند
https://shifaalhind.com/en/medical-tourism/saudi-arabia/dammam/hair-transplant,Dammam Hair Transplant India,Dammam Hair Transplant cost,Dammam medical visa Hair Transplant,Hair Transplant best hospital Bangalore,compare Hair Transplant Dammam vs India,Hair Transplant Arabic support India,زراعة الشعر الدمام الهند,تكلفة زراعة الشعر الدمام,تأشيرة طبية زراعة الشعر,أفضل مستشفى زراعة الشعر الهند,زراعة الشعر دعم عربي الهند
https://shifaalhind.com/en/medical-tourism/saudi-arabia/dammam/cosmetic-surgery,Dammam Cosmetic Surgery India,Dammam Cosmetic Surgery cost,Dammam medical visa Cosmetic Surgery,Cosmetic Surgery best hospital Bangalore,compare Cosmetic Surgery Dammam vs India,Cosmetic Surgery Arabic support India,الجراحة التجميلية الدمام الهند,تكلفة الجراحة التجميلية الدمام,تأشيرة طبية الجراحة التجميلية,أفضل مستشفى الجراحة التجميلية الهند,الجراحة التجميلية دعم عربي الهند
https://shifaalhind.com/en/medical-tourism/saudi-arabia/dammam/oncology-treatment,Dammam Cancer Treatment India,Dammam Cancer Treatment cost,Dammam medical visa Cancer Treatment,Cancer Treatment best hospital Bangalore,compare Cancer Treatment Dammam vs India,Cancer Treatment Arabic support India,علاج السرطان الدمام الهند,تكلفة علاج السرطان الدمام,تأشيرة طبية علاج السرطان,أفضل مستشفى علاج السرطان الهند,علاج السرطان دعم عربي الهند
https://shifaalhind.com/en/medical-tourism/saudi-arabia/dammam/bariatric-surgery,Dammam Bariatric Surgery India,Dammam Bariatric Surgery cost,Dammam medical visa Bariatric Surgery,Bariatric Surgery best hospital Bangalore,compare Bariatric Surgery Dammam vs India,Bariatric Surgery Arabic support India,جراحة السمنة الدمام الهند,تكلفة جراحة السمنة الدمام,تأشيرة طبية جراحة السمنة,أفضل مستشفى جراحة السمنة الهند,جراحة السمنة دعم عربي الهند
https://shifaalhind.com/en/medical-tourism/united-arab-emirates/dubai/heart-surgery,Dubai Heart Surgery India,Dubai Heart Surgery cost,Dubai medical visa Heart Surgery,Heart Surgery best hospital Bangalore,compare Heart Surgery Dubai vs India,Heart Surgery Arabic support India,جراحة القلب دبي الهند,تكلفة جراحة القلب دبي,تأشيرة طبية جراحة القلب,أفضل مستشفى جراحة القلب الهند,جراحة القلب دعم عربي الهند
https://shifaalhind.com/en/medical-tourism/united-arab-emirates/dubai/knee-replacement,Dubai Knee Replacement India,Dubai Knee Replacement cost,Dubai medical visa Knee Replacement,Knee Replacement best hospital Bangalore,compare Knee Replacement Dubai vs India,Knee Replacement Arabic support India,استبدال الركبة دبي الهند,تكلفة استبدال الركبة دبي,تأشيرة طبية استبدال الركبة,أفضل مستشفى استبدال الركبة الهند,استبدال الركبة دعم عربي الهند
https://shifaalhind.com/en/medical-tourism/united-arab-emirates/dubai/ivf,Dubai IVF & Fertility Treatment India,Dubai IVF & Fertility Treatment cost,Dubai medical visa IVF & Fertility Treatment,IVF & Fertility Treatment best hospital Bangalore,compare IVF & Fertility Treatment Dubai vs India,IVF & Fertility Treatment Arabic support India,التلقيح الصناعي وعلاج الخصوبة دبي الهند,تكلفة التلقيح الصناعي وعلاج الخصوبة دبي,تأشيرة طبية التلقيح الصناعي وعلاج الخصوبة,أفضل مستشفى التلقيح الصناعي وعلاج الخصوبة الهند,التلقيح الصناعي وعلاج الخصوبة دعم عربي الهند
https://shifaalhind.com/en/medical-tourism/united-arab-emirates/dubai/dental-implants,Dubai Dental Implants India,Dubai Dental Implants cost,Dubai medical visa Dental Implants,Dental Implants best hospital Bangalore,compare Dental Implants Dubai vs India,Dental Implants Arabic support India,زراعة الأسنان دبي الهند,تكلفة زراعة الأسنان دبي,تأشيرة طبية زراعة الأسنان,أفضل مستشفى زراعة الأسنان الهند,زراعة الأسنان دعم عربي الهند
https://shifaalhind.com/en/medical-tourism/united-arab-emirates/dubai/hair-transplant,Dubai Hair Transplant India,Dubai Hair Transplant cost,Dubai medical visa Hair Transplant,Hair Transplant best hospital Bangalore,compare Hair Transplant Dubai vs India,Hair Transplant Arabic support India,زراعة الشعر دبي الهند,تكلفة زراعة الشعر دبي,تأشيرة طبية زراعة الشعر,أفضل مستشفى زراعة الشعر الهند,زراعة الشعر دعم عربي الهند
https://shifaalhind.com/en/medical-tourism/united-arab-emirates/dubai/cosmetic-surgery,Dubai Cosmetic Surgery India,Dubai Cosmetic Surgery cost,Dubai medical visa Cosmetic Surgery,Cosmetic Surgery best hospital Bangalore,compare Cosmetic Surgery Dubai vs India,Cosmetic Surgery Arabic support India,الجراحة التجميلية دبي الهند,تكلفة الجراحة التجميلية دبي,تأشيرة طبية الجراحة التجميلية,أفضل مستشفى الجراحة التجميلية الهند,الجراحة التجميلية دعم عربي الهند
https://shifaalhind.com/en/medical-tourism/united-arab-emirates/dubai/oncology-treatment,Dubai Cancer Treatment India,Dubai Cancer Treatment cost,Dubai medical visa Cancer Treatment,Cancer Treatment best hospital Bangalore,compare Cancer Treatment Dubai vs India,Cancer Treatment Arabic support India,علاج السرطان دبي الهند,تكلفة علاج السرطان دبي,تأشيرة طبية علاج السرطان,أفضل مستشفى علاج السرطان الهند,علاج السرطان دعم عربي الهند
https://shifaalhind.com/en/medical-tourism/united-arab-emirates/dubai/bariatric-surgery,Dubai Bariatric Surgery India,Dubai Bariatric Surgery cost,Dubai medical visa Bariatric Surgery,Bariatric Surgery best hospital Bangalore,compare Bariatric Surgery Dubai vs India,Bariatric Surgery Arabic support India,جراحة السمنة دبي الهند,تكلفة جراحة السمنة دبي,تأشيرة طبية جراحة السمنة,أفضل مستشفى جراحة السمنة الهند,جراحة السمنة دعم عربي الهند
https://shifaalhind.com/en/medical-tourism/united-arab-emirates/abu-dhabi/heart-surgery,Abu Dhabi Heart Surgery India,Abu Dhabi Heart Surgery cost,Abu Dhabi medical visa Heart Surgery,Heart Surgery best hospital Bangalore,compare Heart Surgery Abu Dhabi vs India,Heart Surgery Arabic support India,جراحة القلب أبو ظبي الهند,تكلفة جراحة القلب أبو ظبي,تأشيرة طبية جراحة القلب,أفضل مستشفى جراحة القلب الهند,جراحة القلب دعم عربي الهند
https://shifaalhind.com/en/medical-tourism/united-arab-emirates/abu-dhabi/knee-replacement,Abu Dhabi Knee Replacement India,Abu Dhabi Knee Replacement cost,Abu Dhabi medical visa Knee Replacement,Knee Replacement best hospital Bangalore,compare Knee Replacement Abu Dhabi vs India,Knee Replacement Arabic support India,استبدال الركبة أبو ظبي الهند,تكلفة استبدال الركبة أبو ظبي,تأشيرة طبية استبدال الركبة,أفضل مستشفى استبدال الركبة الهند,استبدال الركبة دعم عربي الهند
https://shifaalhind.com/en/medical-tourism/united-arab-emirates/abu-dhabi/ivf,Abu Dhabi IVF & Fertility Treatment India,Abu Dhabi IVF & Fertility Treatment cost,Abu Dhabi medical visa IVF & Fertility Treatment,IVF & Fertility Treatment best hospital Bangalore,compare IVF & Fertility Treatment Abu Dhabi vs India,IVF & Fertility Treatment Arabic support India,التلقيح الصناعي وعلاج الخصوبة أبو ظبي الهند,تكلفة التلقيح الصناعي وعلاج الخصوبة أبو ظبي,تأشيرة طبية التلقيح الصناعي وعلاج الخصوبة,أفضل مستشفى التلقيح الصناعي وعلاج الخصوبة الهند,التلقيح الصناعي وعلاج الخصوبة دعم عربي الهند
https://shifaalhind.com/en/medical-tourism/united-arab-emirates/abu-dhabi/dental-implants,Abu Dhabi Dental Implants India,Abu Dhabi Dental Implants cost,Abu Dhabi medical visa Dental Implants,Dental Implants best hospital Bangalore,compare Dental Implants Abu Dhabi vs India,Dental Implants Arabic support India,زراعة الأسنان أبو ظبي الهند,تكلفة زراعة الأسنان أبو ظبي,تأشيرة طبية زراعة الأسنان,أفضل مستشفى زراعة الأسنان الهند,زراعة الأسنان دعم عربي الهند
https://shifaalhind.com/en/medical-tourism/united-arab-emirates/abu-dhabi/hair-transplant,Abu Dhabi Hair Transplant India,Abu Dhabi Hair Transplant cost,Abu Dhabi medical visa Hair Transplant,Hair Transplant best hospital Bangalore,compare Hair Transplant Abu Dhabi vs India,Hair Transplant Arabic support India,زراعة الشعر أبو ظبي الهند,تكلفة زراعة الشعر أبو ظبي,تأشيرة طبية زراعة الشعر,أفضل مستشفى زراعة الشعر الهند,زراعة الشعر دعم عربي الهند
https://shifaalhind.com/en/medical-tourism/united-arab-emirates/abu-dhabi/cosmetic-surgery,Abu Dhabi Cosmetic Surgery India,Abu Dhabi Cosmetic Surgery cost,Abu Dhabi medical visa Cosmetic Surgery,Cosmetic Surgery best hospital Bangalore,compare Cosmetic Surgery Abu Dhabi vs India,Cosmetic Surgery Arabic support India,الجراحة التجميلية أبو ظبي الهند,تكلفة الجراحة التجميلية أبو ظبي,تأشيرة طبية الجراحة التجميلية,أفضل مستشفى الجراحة التجميلية الهند,الجراحة التجميلية دعم عربي الهند
https://shifaalhind.com/en/medical-tourism/united-arab-emirates/abu-dhabi/oncology-treatment,Abu Dhabi Cancer Treatment India,Abu Dhabi Cancer Treatment cost,Abu Dhabi medical visa Cancer Treatment,Cancer Treatment best hospital Bangalore,compare Cancer Treatment Abu Dhabi vs India,Cancer Treatment Arabic support India,علاج السرطان أبو ظبي الهند,تكلفة علاج السرطان أبو ظبي,تأشيرة طبية علاج السرطان,أفضل مستشفى علاج السرطان الهند,علاج السرطان دعم عربي الهند
https://shifaalhind.com/en/medical-tourism/united-arab-emirates/abu-dhabi/bariatric-surgery,Abu Dhabi Bariatric Surgery India,Abu Dhabi Bariatric Surgery cost,Abu Dhabi medical visa Bariatric Surgery,Bariatric Surgery best hospital Bangalore,compare Bariatric Surgery Abu Dhabi vs India,Bariatric Surgery Arabic support India,جراحة السمنة أبو ظبي الهند,تكلفة جراحة السمنة أبو ظبي,تأشيرة طبية جراحة السمنة,أفضل مستشفى جراحة السمنة الهند,جراحة السمنة دعم عربي الهند
https://shifaalhind.com/en/medical-tourism/united-arab-emirates/sharjah/heart-surgery,Sharjah Heart Surgery India,Sharjah Heart Surgery cost,Sharjah medical visa Heart Surgery,Heart Surgery best hospital Bangalore,compare Heart Surgery Sharjah vs India,Heart Surgery Arabic support India,جراحة القلب الشارقة الهند,تكلفة جراحة القلب الشارقة,تأشيرة طبية جراحة القلب,أفضل مستشفى جراحة القلب الهند,جراحة القلب دعم عربي الهند
https://shifaalhind.com/en/medical-tourism/united-arab-emirates/sharjah/knee-replacement,Sharjah Knee Replacement India,Sharjah Knee Replacement cost,Sharjah medical visa Knee Replacement,Knee Replacement best hospital Bangalore,compare Knee Replacement Sharjah vs India,Knee Replacement Arabic support India,استبدال الركبة الشارقة الهند,تكلفة استبدال الركبة الشارقة,تأشيرة طبية استبدال الركبة,أفضل مستشفى استبدال الركبة الهند,استبدال الركبة دعم عربي الهند
https://shifaalhind.com/en/medical-tourism/united-arab-emirates/sharjah/ivf,Sharjah IVF & Fertility Treatment India,Sharjah IVF & Fertility Treatment cost,Sharjah medical visa IVF & Fertility Treatment,IVF & Fertility Treatment best hospital Bangalore,compare IVF & Fertility Treatment Sharjah vs India,IVF & Fertility Treatment Arabic support India,التلقيح الصناعي وعلاج الخصوبة الشارقة الهند,تكلفة التلقيح الصناعي وعلاج الخصوبة الشارقة,تأشيرة طبية التلقيح الصناعي وعلاج الخصوبة,أفضل مستشفى التلقيح الصناعي وعلاج الخصوبة الهند,التلقيح الصناعي وعلاج الخصوبة دعم عربي الهند
https://shifaalhind.com/en/medical-tourism/united-arab-emirates/sharjah/dental-implants,Sharjah Dental Implants India,Sharjah Dental Implants cost,Sharjah medical visa Dental Implants,Dental Implants best hospital Bangalore,compare Dental Implants Sharjah vs India,Dental Implants Arabic support India,زراعة الأسنان الشارقة الهند,تكلفة زراعة الأسنان الشارقة,تأشيرة طبية زراعة الأسنان,أفضل مستشفى زراعة الأسنان الهند,زراعة الأسنان دعم عربي الهند
https://shifaalhind.com/en/medical-tourism/united-arab-emirates/sharjah/hair-transplant,Sharjah Hair Transplant India,Sharjah Hair Transplant cost,Sharjah medical visa Hair Transplant,Hair Transplant best hospital Bangalore,compare Hair Transplant Sharjah vs India,Hair Transplant Arabic support India,زراعة الشعر الشارقة الهند,تكلفة زراعة الشعر الشارقة,تأشيرة طبية زراعة الشعر,أفضل مستشفى زراعة الشعر الهند,زراعة الشعر دعم عربي الهند
https://shifaalhind.com/en/medical-tourism/united-arab-emirates/sharjah/cosmetic-surgery,Sharjah Cosmetic Surgery India,Sharjah Cosmetic Surgery cost,Sharjah medical visa Cosmetic Surgery,Cosmetic Surgery best hospital Bangalore,compare Cosmetic Surgery Sharjah vs India,Cosmetic Surgery Arabic support India,الجراحة التجميلية الشارقة الهند,تكلفة الجراحة التجميلية الشارقة,تأشيرة طبية الجراحة التجميلية,أفضل مستشفى الجراحة التجميلية الهند,الجراحة التجميلية دعم عربي الهند
https://shifaalhind.com/en/medical-tourism/united-arab-emirates/sharjah/oncology-treatment,Sharjah Cancer Treatment India,Sharjah Cancer Treatment cost,Sharjah medical visa Cancer Treatment,Cancer Treatment best hospital Bangalore,compare Cancer Treatment Sharjah vs India,Cancer Treatment Arabic support India,علاج السرطان الشارقة الهند,تكلفة علاج السرطان الشارقة,تأشيرة طبية علاج السرطان,أفضل مستشفى علاج السرطان الهند,علاج السرطان دعم عربي الهند
https://shifaalhind.com/en/medical-tourism/united-arab-emirates/sharjah/bariatric-surgery,Sharjah Bariatric Surgery India,Sharjah Bariatric Surgery cost,Sharjah medical visa Bariatric Surgery,Bariatric Surgery best hospital Bangalore,compare Bariatric Surgery Sharjah vs India,Bariatric Surgery Arabic support India,جراحة السمنة الشارقة الهند,تكلفة جراحة السمنة الشارقة,تأشيرة طبية جراحة السمنة,أفضل مستشفى جراحة السمنة الهند,جراحة السمنة دعم عربي الهند
https://shifaalhind.com/en/medical-tourism/qatar/doha/heart-surgery,Doha Heart Surgery India,Doha Heart Surgery cost,Doha medical visa Heart Surgery,Heart Surgery best hospital Bangalore,compare Heart Surgery Doha vs India,Heart Surgery Arabic support India,جراحة القلب الدوحة الهند,تكلفة جراحة القلب الدوحة,تأشيرة طبية جراحة القلب,أفضل مستشفى جراحة القلب الهند,جراحة القلب دعم عربي الهند
https://shifaalhind.com/en/medical-tourism/qatar/doha/knee-replacement,Doha Knee Replacement India,Doha Knee Replacement cost,Doha medical visa Knee Replacement,Knee Replacement best hospital Bangalore,compare Knee Replacement Doha vs India,Knee Replacement Arabic support India,استبدال الركبة الدوحة الهند,تكلفة استبدال الركبة الدوحة,تأشيرة طبية استبدال الركبة,أفضل مستشفى استبدال الركبة الهند,استبدال الركبة دعم عربي الهند
https://shifaalhind.com/en/medical-tourism/qatar/doha/ivf,Doha IVF & Fertility Treatment India,Doha IVF & Fertility Treatment cost,Doha medical visa IVF & Fertility Treatment,IVF & Fertility Treatment best hospital Bangalore,compare IVF & Fertility Treatment Doha vs India,IVF & Fertility Treatment Arabic support India,التلقيح الصناعي وعلاج الخصوبة الدوحة الهند,تكلفة التلقيح الصناعي وعلاج الخصوبة الدوحة,تأشيرة طبية التلقيح الصناعي وعلاج الخصوبة,أفضل مستشفى التلقيح الصناعي وعلاج الخصوبة الهند,التلقيح الصناعي وعلاج الخصوبة دعم عربي الهند
https://shifaalhind.com/en/medical-tourism/qatar/doha/dental-implants,Doha Dental Implants India,Doha Dental Implants cost,Doha medical visa Dental Implants,Dental Implants best hospital Bangalore,compare Dental Implants Doha vs India,Dental Implants Arabic support India,زراعة الأسنان الدوحة الهند,تكلفة زراعة الأسنان الدوحة,تأشيرة طبية زراعة الأسنان,أفضل مستشفى زراعة الأسنان الهند,زراعة الأسنان دعم عربي الهند
https://shifaalhind.com/en/medical-tourism/qatar/doha/hair-transplant,Doha Hair Transplant India,Doha Hair Transplant cost,Doha medical visa Hair Transplant,Hair Transplant best hospital Bangalore,compare Hair Transplant Doha vs India,Hair Transplant Arabic support India,زراعة الشعر الدوحة الهند,تكلفة زراعة الشعر الدوحة,تأشيرة طبية زراعة الشعر,أفضل مستشفى زراعة الشعر الهند,زراعة الشعر دعم عربي الهند
https://shifaalhind.com/en/medical-tourism/qatar/doha/cosmetic-surgery,Doha Cosmetic Surgery India,Doha Cosmetic Surgery cost,Doha medical visa Cosmetic Surgery,Cosmetic Surgery best hospital Bangalore,compare Cosmetic Surgery Doha vs India,Cosmetic Surgery Arabic support India,الجراحة التجميلية الدوحة الهند,تكلفة الجراحة التجميلية الدوحة,تأشيرة طبية الجراحة التجميلية,أفضل مستشفى الجراحة التجميلية الهند,الجراحة التجميلية دعم عربي الهند
https://shifaalhind.com/en/medical-tourism/qatar/doha/oncology-treatment,Doha Cancer Treatment India,Doha Cancer Treatment cost,Doha medical visa Cancer Treatment,Cancer Treatment best hospital Bangalore,compare Cancer Treatment Doha vs India,Cancer Treatment Arabic support India,علاج السرطان الدوحة الهند,تكلفة علاج السرطان الدوحة,تأشيرة طبية علاج السرطان,أفضل مستشفى علاج السرطان الهند,علاج السرطان دعم عربي الهند
https://shifaalhind.com/en/medical-tourism/qatar/doha/bariatric-surgery,Doha Bariatric Surgery India,Doha Bariatric Surgery cost,Doha medical visa Bariatric Surgery,Bariatric Surgery best hospital Bangalore,compare Bariatric Surgery Doha vs India,Bariatric Surgery Arabic support India,جراحة السمنة الدوحة الهند,تكلفة جراحة السمنة الدوحة,تأشيرة طبية جراحة السمنة,أفضل مستشفى جراحة السمنة الهند,جراحة السمنة دعم عربي الهند
https://shifaalhind.com/en/medical-tourism/oman/muscat/heart-surgery,Muscat Heart Surgery India,Muscat Heart Surgery cost,Muscat medical visa Heart Surgery,Heart Surgery best hospital Bangalore,compare Heart Surgery Muscat vs India,Heart Surgery Arabic support India,جراحة القلب مسقط الهند,تكلفة جراحة القلب مسقط,تأشيرة طبية جراحة القلب,أفضل مستشفى جراحة القلب الهند,جراحة القلب دعم عربي الهند
https://shifaalhind.com/en/medical-tourism/oman/muscat/knee-replacement,Muscat Knee Replacement India,Muscat Knee Replacement cost,Muscat medical visa Knee Replacement,Knee Replacement best hospital Bangalore,compare Knee Replacement Muscat vs India,Knee Replacement Arabic support India,استبدال الركبة مسقط الهند,تكلفة استبدال الركبة مسقط,تأشيرة طبية استبدال الركبة,أفضل مستشفى استبدال الركبة الهند,استبدال الركبة دعم عربي الهند
https://shifaalhind.com/en/medical-tourism/oman/muscat/ivf,Muscat IVF & Fertility Treatment India,Muscat IVF & Fertility Treatment cost,Muscat medical visa IVF & Fertility Treatment,IVF & Fertility Treatment best hospital Bangalore,compare IVF & Fertility Treatment Muscat vs India,IVF & Fertility Treatment Arabic support India,التلقيح الصناعي وعلاج الخصوبة مسقط الهند,تكلفة التلقيح الصناعي وعلاج الخصوبة مسقط,تأشيرة طبية التلقيح الصناعي وعلاج الخصوبة,أفضل مستشفى التلقيح الصناعي وعلاج الخصوبة الهند,التلقيح الصناعي وعلاج الخصوبة دعم عربي الهند
https://shifaalhind.com/en/medical-tourism/oman/muscat/dental-implants,Muscat Dental Implants India,Muscat Dental Implants cost,Muscat medical visa Dental Implants,Dental Implants best hospital Bangalore,compare Dental Implants Muscat vs India,Dental Implants Arabic support India,زراعة الأسنان مسقط الهند,تكلفة زراعة الأسنان مسقط,تأشيرة طبية زراعة الأسنان,أفضل مستشفى زراعة الأسنان الهند,زراعة الأسنان دعم عربي الهند
https://shifaalhind.com/en/medical-tourism/oman/muscat/hair-transplant,Muscat Hair Transplant India,Muscat Hair Transplant cost,Muscat medical visa Hair Transplant,Hair Transplant best hospital Bangalore,compare Hair Transplant Muscat vs India,Hair Transplant Arabic support India,زراعة الشعر مسقط الهند,تكلفة زراعة الشعر مسقط,تأشيرة طبية زراعة الشعر,أفضل مستشفى زراعة الشعر الهند,زراعة الشعر دعم عربي الهند
https://shifaalhind.com/en/medical-tourism/oman/muscat/cosmetic-surgery,Muscat Cosmetic Surgery India,Muscat Cosmetic Surgery cost,Muscat medical visa Cosmetic Surgery,Cosmetic Surgery best hospital Bangalore,compare Cosmetic Surgery Muscat vs India,Cosmetic Surgery Arabic support India,الجراحة التجميلية مسقط الهند,تكلفة الجراحة التجميلية مسقط,تأشيرة طبية الجراحة التجميلية,أفضل مستشفى الجراحة التجميلية الهند,الجراحة التجميلية دعم عربي الهند
https://shifaalhind.com/en/medical-tourism/oman/muscat/oncology-treatment,Muscat Cancer Treatment India,Muscat Cancer Treatment cost,Muscat medical visa Cancer Treatment,Cancer Treatment best hospital Bangalore,compare Cancer Treatment Muscat vs India,Cancer Treatment Arabic support India,علاج السرطان مسقط الهند,تكلفة علاج السرطان مسقط,تأشيرة طبية علاج السرطان,أفضل مستشفى علاج السرطان الهند,علاج السرطان دعم عربي الهند
https://shifaalhind.com/en/medical-tourism/oman/muscat/bariatric-surgery,Muscat Bariatric Surgery India,Muscat Bariatric Surgery cost,Muscat medical visa Bariatric Surgery,Bariatric Surgery best hospital Bangalore,compare Bariatric Surgery Muscat vs India,Bariatric Surgery Arabic support India,جراحة السمنة مسقط الهند,تكلفة جراحة السمنة مسقط,تأشيرة طبية جراحة السمنة,أفضل مستشفى جراحة السمنة الهند,جراحة السمنة دعم عربي الهند
https://shifaalhind.com/en/medical-tourism/kuwait/kuwait-city/heart-surgery,Kuwait City Heart Surgery India,Kuwait City Heart Surgery cost,Kuwait City medical visa Heart Surgery,Heart Surgery best hospital Bangalore,compare Heart Surgery Kuwait City vs India,Heart Surgery Arabic support India,جراحة القلب مدينة الكويت الهند,تكلفة جراحة القلب مدينة الكويت,تأشيرة طبية جراحة القلب,أفضل مستشفى جراحة القلب الهند,جراحة القلب دعم عربي الهند
https://shifaalhind.com/en/medical-tourism/kuwait/kuwait-city/knee-replacement,Kuwait City Knee Replacement India,Kuwait City Knee Replacement cost,Kuwait City medical visa Knee Replacement,Knee Replacement best hospital Bangalore,compare Knee Replacement Kuwait City vs India,Knee Replacement Arabic support India,استبدال الركبة مدينة الكويت الهند,تكلفة استبدال الركبة مدينة الكويت,تأشيرة طبية استبدال الركبة,أفضل مستشفى استبدال الركبة الهند,استبدال الركبة دعم عربي الهند
https://shifaalhind.com/en/medical-tourism/kuwait/kuwait-city/ivf,Kuwait City IVF & Fertility Treatment India,Kuwait City IVF & Fertility Treatment cost,Kuwait City medical visa IVF & Fertility Treatment,IVF & Fertility Treatment best hospital Bangalore,compare IVF & Fertility Treatment Kuwait City vs India,IVF & Fertility Treatment Arabic support India,التلقيح الصناعي وعلاج الخصوبة مدينة الكويت الهند,تكلفة التلقيح الصناعي وعلاج الخصوبة مدينة الكويت,تأشيرة طبية التلقيح الصناعي وعلاج الخصوبة,أفضل مستشفى التلقيح الصناعي وعلاج الخصوبة الهند,التلقيح الصناعي وعلاج الخصوبة دعم عربي الهند
https://shifaalhind.com/en/medical-tourism/kuwait/kuwait-city/dental-implants,Kuwait City Dental Implants India,Kuwait City Dental Implants cost,Kuwait City medical visa Dental Implants,Dental Implants best hospital Bangalore,compare Dental Implants Kuwait City vs India,Dental Implants Arabic support India,زراعة الأسنان مدينة الكويت الهند,تكلفة زراعة الأسنان مدينة الكويت,تأشيرة طبية زراعة الأسنان,أفضل مستشفى زراعة الأسنان الهند,زراعة الأسنان دعم عربي الهند
https://shifaalhind.com/en/medical-tourism/kuwait/kuwait-city/hair-transplant,Kuwait City Hair Transplant India,Kuwait City Hair Transplant cost,Kuwait City medical visa Hair Transplant,Hair Transplant best hospital Bangalore,compare Hair Transplant Kuwait City vs India,Hair Transplant Arabic support India,زراعة الشعر مدينة الكويت الهند,تكلفة زراعة الشعر مدينة الكويت,تأشيرة طبية زراعة الشعر,أفضل مستشفى زراعة الشعر الهند,زراعة الشعر دعم عربي الهند
https://shifaalhind.com/en/medical-tourism/kuwait/kuwait-city/cosmetic-surgery,Kuwait City Cosmetic Surgery India,Kuwait City Cosmetic Surgery cost,Kuwait City medical visa Cosmetic Surgery,Cosmetic Surgery best hospital Bangalore,compare Cosmetic Surgery Kuwait City vs India,Cosmetic Surgery Arabic support India,الجراحة التجميلية مدينة الكويت الهند,تكلفة الجراحة التجميلية مدينة الكويت,تأشيرة طبية الجراحة التجميلية,أفضل مستشفى الجراحة التجميلية الهند,الجراحة التجميلية دعم عربي الهند
https://shifaalhind.com/en/medical-tourism/kuwait/kuwait-city/oncology-treatment,Kuwait City Cancer Treatment India,Kuwait City Cancer Treatment cost,Kuwait City medical visa Cancer Treatment,Cancer Treatment best hospital Bangalore,compare Cancer Treatment Kuwait City vs India,Cancer Treatment Arabic support India,علاج السرطان مدينة الكويت الهند,تكلفة علاج السرطان مدينة الكويت,تأشيرة طبية علاج السرطان,أفضل مستشفى علاج السرطان الهند,علاج السرطان دعم عربي الهند
https://shifaalhind.com/en/medical-tourism/kuwait/kuwait-city/bariatric-surgery,Kuwait City Bariatric Surgery India,Kuwait City Bariatric Surgery cost,Kuwait City medical visa Bariatric Surgery,Bariatric Surgery best hospital Bangalore,compare Bariatric Surgery Kuwait City vs India,Bariatric Surgery Arabic support India,جراحة السمنة مدينة الكويت الهند,تكلفة جراحة السمنة مدينة الكويت,تأشيرة طبية جراحة السمنة,أفضل مستشفى جراحة السمنة الهند,جراحة السمنة دعم عربي الهند
https://shifaalhind.com/en/medical-tourism/bahrain/manama/heart-surgery,Manama Heart Surgery India,Manama Heart Surgery cost,Manama medical visa Heart Surgery,Heart Surgery best hospital Bangalore,compare Heart Surgery Manama vs India,Heart Surgery Arabic support India,جراحة القلب المنامة الهند,تكلفة جراحة القلب المنامة,تأشيرة طبية جراحة القلب,أفضل مستشفى جراحة القلب الهند,جراحة القلب دعم عربي الهند
https://shifaalhind.com/en/medical-tourism/bahrain/manama/knee-replacement,Manama Knee Replacement India,Manama Knee Replacement cost,Manama medical visa Knee Replacement,Knee Replacement best hospital Bangalore,compare Knee Replacement Manama vs India,Knee Replacement Arabic support India,استبدال الركبة المنامة الهند,تكلفة استبدال الركبة المنامة,تأشيرة طبية استبدال الركبة,أفضل مستشفى استبدال الركبة الهند,استبدال الركبة دعم عربي الهند
https://shifaalhind.com/en/medical-tourism/bahrain/manama/ivf,Manama IVF & Fertility Treatment India,Manama IVF & Fertility Treatment cost,Manama medical visa IVF & Fertility Treatment,IVF & Fertility Treatment best hospital Bangalore,compare IVF & Fertility Treatment Manama vs India,IVF & Fertility Treatment Arabic support India,التلقيح الصناعي وعلاج الخصوبة المنامة الهند,تكلفة التلقيح الصناعي وعلاج الخصوبة المنامة,تأشيرة طبية التلقيح الصناعي وعلاج الخصوبة,أفضل مستشفى التلقيح الصناعي وعلاج الخصوبة الهند,التلقيح الصناعي وعلاج الخصوبة دعم عربي الهند
https://shifaalhind.com/en/medical-tourism/bahrain/manama/dental-implants,Manama Dental Implants India,Manama Dental Implants cost,Manama medical visa Dental Implants,Dental Implants best hospital Bangalore,compare Dental Implants Manama vs India,Dental Implants Arabic support India,زراعة الأسنان المنامة الهند,تكلفة زراعة الأسنان المنامة,تأشيرة طبية زراعة الأسنان,أفضل مستشفى زراعة الأسنان الهند,زراعة الأسنان دعم عربي الهند
https://shifaalhind.com/en/medical-tourism/bahrain/manama/hair-transplant,Manama Hair Transplant India,Manama Hair Transplant cost,Manama medical visa Hair Transplant,Hair Transplant best hospital Bangalore,compare Hair Transplant Manama vs India,Hair Transplant Arabic support India,زراعة الشعر المنامة الهند,تكلفة زراعة الشعر المنامة,تأشيرة طبية زراعة الشعر,أفضل مستشفى زراعة الشعر الهند,زراعة الشعر دعم عربي الهند
https://shifaalhind.com/en/medical-tourism/bahrain/manama/cosmetic-surgery,Manama Cosmetic Surgery India,Manama Cosmetic Surgery cost,Manama medical visa Cosmetic Surgery,Cosmetic Surgery best hospital Bangalore,compare Cosmetic Surgery Manama vs India,Cosmetic Surgery Arabic support India,الجراحة التجميلية المنامة الهند,تكلفة الجراحة التجميلية المنامة,تأشيرة طبية الجراحة التجميلية,أفضل مستشفى الجراحة التجميلية الهند,الجراحة التجميلية دعم عربي الهند
https://shifaalhind.com/en/medical-tourism/bahrain/manama/oncology-treatment,Manama Cancer Treatment India,Manama Cancer Treatment cost,Manama medical visa Cancer Treatment,Cancer Treatment best hospital Bangalore,compare Cancer Treatment Manama vs India,Cancer Treatment Arabic support India,علاج السرطان المنامة الهند,تكلفة علاج السرطان المنامة,تأشيرة طبية علاج السرطان,أفضل مستشفى علاج السرطان الهند,علاج السرطان دعم عربي الهند
https://shifaalhind.com/en/medical-tourism/bahrain/manama/bariatric-surgery,Manama Bariatric Surgery India,Manama Bariatric Surgery cost,Manama medical visa Bariatric Surgery,Bariatric Surgery best hospital Bangalore,compare Bariatric Surgery Manama vs India,Bariatric Surgery Arabic support India,جراحة السمنة المنامة الهند,تكلفة جراحة السمنة المنامة,تأشيرة طبية جراحة السمنة,أفضل مستشفى جراحة السمنة الهند,جراحة السمنة دعم عربي الهند
