url,locale,page_type,country,city,treatment,article_number,priority,changefreq,primary_keyword,status
https://shifaalhind.com/medical-tourism/saudi-arabia/riyadh,en,city,saudi-arabia,riyadh,,,0.9,weekly,medical tourism Riyadh to India,draft
https://shifaalhind.com/ar/medical-tourism/saudi-arabia/riyadh,ar,city,saudi-arabia,riyadh,,,0.9,weekly,السياحة العلاجية من الرياض إلى الهند,draft
https://shifaalhind.com/medical-tourism/saudi-arabia/riyadh/heart-surgery,en,treatment,saudi-arabia,riyadh,heart-surgery,,0.8,weekly,heart surgery Riyadh to India,draft
https://shifaalhind.com/ar/medical-tourism/saudi-arabia/riyadh/heart-surgery,ar,treatment,saudi-arabia,riyadh,heart-surgery,,0.8,weekly,جراحة القلب من الرياض إلى الهند,draft
https://shifaalhind.com/blog/saudi-arabia/riyadh/heart-surgery/cost-comparison-riyadh-bangalore,en,article,saudi-arabia,riyadh,heart-surgery,1,0.6,monthly,heart surgery cost Riyadh vs Bangalore,draft
https://shifaalhind.com/ar/blog/saudi-arabia/riyadh/heart-surgery/cost-comparison-riyadh-bangalore,ar,article,saudi-arabia,riyadh,heart-surgery,1,0.6,monthly,تكلفة جراحة القلب الرياض مقابل بنغالور,draft
https://shifaalhind.com/blog/saudi-arabia/riyadh/heart-surgery/best-hospitals-bangalore-cardiac-care,en,article,saudi-arabia,riyadh,heart-surgery,2,0.6,monthly,best cardiac hospitals Bangalore for Saudi patients,draft
https://shifaalhind.com/ar/blog/saudi-arabia/riyadh/heart-surgery/best-hospitals-bangalore-cardiac-care,ar,article,saudi-arabia,riyadh,heart-surgery,2,0.6,monthly,أفضل مستشفيات القلب في بنغالور للمرضى السعوديين,draft
https://shifaalhind.com/blog/saudi-arabia/riyadh/heart-surgery/medical-visa-process-saudi-india,en,article,saudi-arabia,riyadh,heart-surgery,3,0.6,monthly,medical visa India for Saudi patients heart surgery,draft
https://shifaalhind.com/ar/blog/saudi-arabia/riyadh/heart-surgery/medical-visa-process-saudi-india,ar,article,saudi-arabia,riyadh,heart-surgery,3,0.6,monthly,تأشيرة طبية من السعودية إلى الهند لجراحة القلب,draft
https://shifaalhind.com/blog/saudi-arabia/riyadh/heart-surgery/recovery-timeline-cardiac-surgery,en,article,saudi-arabia,riyadh,heart-surgery,4,0.6,monthly,heart surgery recovery timeline Saudi patients India,draft
https://shifaalhind.com/ar/blog/saudi-arabia/riyadh/heart-surgery/recovery-timeline-cardiac-surgery,ar,article,saudi-arabia,riyadh,heart-surgery,4,0.6,monthly,جدول التعافي بعد جراحة القلب للمرضى السعوديين,draft
https://shifaalhind.com/blog/saudi-arabia/riyadh/heart-surgery/arabic-support-cardiac-treatment-india,en,article,saudi-arabia,riyadh,heart-surgery,5,0.6,monthly,Arabic support cardiac treatment India Riyadh patients,draft
https://shifaalhind.com/ar/blog/saudi-arabia/riyadh/heart-surgery/arabic-support-cardiac-treatment-india,ar,article,saudi-arabia,riyadh,heart-surgery,5,0.6,monthly,دعم عربي لعلاج القلب في الهند لمرضى الرياض,draft
https://shifaalhind.com/medical-tourism/saudi-arabia/riyadh/knee-replacement,en,treatment,saudi-arabia,riyadh,knee-replacement,,0.8,weekly,knee replacement Riyadh to India,draft
https://shifaalhind.com/ar/medical-tourism/saudi-arabia/riyadh/knee-replacement,ar,treatment,saudi-arabia,riyadh,knee-replacement,,0.8,weekly,استبدال الركبة من الرياض إلى الهند,draft
https://shifaalhind.com/blog/saudi-arabia/riyadh/knee-replacement/cost-comparison-knee-surgery,en,article,saudi-arabia,riyadh,knee-replacement,1,0.6,monthly,knee replacement cost Riyadh vs India,draft
https://shifaalhind.com/ar/blog/saudi-arabia/riyadh/knee-replacement/cost-comparison-knee-surgery,ar,article,saudi-arabia,riyadh,knee-replacement,1,0.6,monthly,تكلفة استبدال الركبة الرياض مقابل الهند,draft
https://shifaalhind.com/blog/saudi-arabia/riyadh/knee-replacement/best-orthopedic-surgeons-bangalore,en,article,saudi-arabia,riyadh,knee-replacement,2,0.6,monthly,best orthopedic surgeons Bangalore knee replacement,draft
https://shifaalhind.com/ar/blog/saudi-arabia/riyadh/knee-replacement/best-orthopedic-surgeons-bangalore,ar,article,saudi-arabia,riyadh,knee-replacement,2,0.6,monthly,أفضل جراحي العظام في بنغالور لاستبدال الركبة,draft
https://shifaalhind.com/blog/saudi-arabia/riyadh/knee-replacement/recovery-physiotherapy-timeline,en,article,saudi-arabia,riyadh,knee-replacement,3,0.6,monthly,knee replacement recovery physiotherapy Saudi patients,draft
https://shifaalhind.com/ar/blog/saudi-arabia/riyadh/knee-replacement/recovery-physiotherapy-timeline,ar,article,saudi-arabia,riyadh,knee-replacement,3,0.6,monthly,التعافي والعلاج الطبيعي بعد استبدال الركبة,draft
https://shifaalhind.com/blog/saudi-arabia/riyadh/knee-replacement/bilateral-vs-unilateral-knee-surgery,en,article,saudi-arabia,riyadh,knee-replacement,4,0.6,monthly,bilateral knee replacement India cost Saudi patients,draft
https://shifaalhind.com/ar/blog/saudi-arabia/riyadh/knee-replacement/bilateral-vs-unilateral-knee-surgery,ar,article,saudi-arabia,riyadh,knee-replacement,4,0.6,monthly,استبدال الركبتين معاً في الهند للمرضى السعوديين,draft
https://shifaalhind.com/blog/saudi-arabia/riyadh/knee-replacement/travel-arrangements-post-surgery-care,en,article,saudi-arabia,riyadh,knee-replacement,5,0.6,monthly,travel arrangements knee replacement surgery India Riyadh,draft
https://shifaalhind.com/ar/blog/saudi-arabia/riyadh/knee-replacement/travel-arrangements-post-surgery-care,ar,article,saudi-arabia,riyadh,knee-replacement,5,0.6,monthly,ترتيبات السفر ورعاية ما بعد جراحة الركبة,draft
https://shifaalhind.com/medical-tourism/saudi-arabia/riyadh/hip-replacement,en,treatment,saudi-arabia,riyadh,hip-replacement,,0.8,weekly,hip replacement Riyadh to India,draft
https://shifaalhind.com/ar/medical-tourism/saudi-arabia/riyadh/hip-replacement,ar,treatment,saudi-arabia,riyadh,hip-replacement,,0.8,weekly,استبدال الورك من الرياض إلى الهند,draft
https://shifaalhind.com/medical-tourism/saudi-arabia/riyadh/ivf,en,treatment,saudi-arabia,riyadh,ivf,,0.8,weekly,IVF treatment Riyadh to India,draft
https://shifaalhind.com/ar/medical-tourism/saudi-arabia/riyadh/ivf,ar,treatment,saudi-arabia,riyadh,ivf,,0.8,weekly,علاج أطفال الأنابيب من الرياض إلى الهند,draft
https://shifaalhind.com/medical-tourism/saudi-arabia/riyadh/dental-implants,en,treatment,saudi-arabia,riyadh,dental-implants,,0.8,weekly,dental implants Riyadh to India,draft
https://shifaalhind.com/ar/medical-tourism/saudi-arabia/riyadh/dental-implants,ar,treatment,saudi-arabia,riyadh,dental-implants,,0.8,weekly,زراعة الأسنان من الرياض إلى الهند,draft
https://shifaalhind.com/medical-tourism/saudi-arabia/riyadh/hair-transplant,en,treatment,saudi-arabia,riyadh,hair-transplant,,0.8,weekly,hair transplant Riyadh to India,draft
https://shifaalhind.com/ar/medical-tourism/saudi-arabia/riyadh/hair-transplant,ar,treatment,saudi-arabia,riyadh,hair-transplant,,0.8,weekly,زراعة الشعر من الرياض إلى الهند,draft
https://shifaalhind.com/medical-tourism/saudi-arabia/riyadh/cataract-surgery,en,treatment,saudi-arabia,riyadh,cataract-surgery,,0.8,weekly,cataract surgery Riyadh to India,draft
https://shifaalhind.com/ar/medical-tourism/saudi-arabia/riyadh/cataract-surgery,ar,treatment,saudi-arabia,riyadh,cataract-surgery,,0.8,weekly,جراحة الساد من الرياض إلى الهند,draft
https://shifaalhind.com/medical-tourism/saudi-arabia/riyadh/oncology-treatment,en,treatment,saudi-arabia,riyadh,oncology-treatment,,0.8,weekly,cancer treatment Riyadh to India,draft
https://shifaalhind.com/ar/medical-tourism/saudi-arabia/riyadh/oncology-treatment,ar,treatment,saudi-arabia,riyadh,oncology-treatment,,0.8,weekly,علاج السرطان من الرياض إلى الهند,draft
https://shifaalhind.com/medical-tourism/saudi-arabia/riyadh/cosmetic-surgery,en,treatment,saudi-arabia,riyadh,cosmetic-surgery,,0.8,weekly,cosmetic surgery Riyadh to India,draft
https://shifaalhind.com/ar/medical-tourism/saudi-arabia/riyadh/cosmetic-surgery,ar,treatment,saudi-arabia,riyadh,cosmetic-surgery,,0.8,weekly,الجراحة التجميلية من الرياض إلى الهند,draft
https://shifaalhind.com/medical-tourism/saudi-arabia/riyadh/bariatric-surgery,en,treatment,saudi-arabia,riyadh,bariatric-surgery,,0.8,weekly,bariatric surgery Riyadh to India,draft
https://shifaalhind.com/ar/medical-tourism/saudi-arabia/riyadh/bariatric-surgery,ar,treatment,saudi-arabia,riyadh,bariatric-surgery,,0.8,weekly,جراحة السمنة من الرياض إلى الهند,draft
https://shifaalhind.com/medical-tourism/saudi-arabia/jeddah,en,city,saudi-arabia,jeddah,,,0.9,weekly,medical tourism Jeddah to India,draft
https://shifaalhind.com/ar/medical-tourism/saudi-arabia/jeddah,ar,city,saudi-arabia,jeddah,,,0.9,weekly,السياحة العلاجية من جدة إلى الهند,draft
https://shifaalhind.com/medical-tourism/saudi-arabia/jeddah/heart-surgery,en,treatment,saudi-arabia,jeddah,heart-surgery,,0.8,weekly,heart surgery Jeddah to India,draft
https://shifaalhind.com/ar/medical-tourism/saudi-arabia/jeddah/heart-surgery,ar,treatment,saudi-arabia,jeddah,heart-surgery,,0.8,weekly,جراحة القلب من جدة إلى الهند,draft
https://shifaalhind.com/medical-tourism/united-arab-emirates/dubai,en,city,united-arab-emirates,dubai,,,0.9,weekly,medical tourism Dubai to India,draft
https://shifaalhind.com/ar/medical-tourism/united-arab-emirates/dubai,ar,city,united-arab-emirates,dubai,,,0.9,weekly,السياحة العلاجية من دبي إلى الهند,draft
https://shifaalhind.com/medical-tourism/united-arab-emirates/dubai/heart-surgery,en,treatment,united-arab-emirates,dubai,heart-surgery,,0.8,weekly,heart surgery Dubai to India,draft
https://shifaalhind.com/ar/medical-tourism/united-arab-emirates/dubai/heart-surgery,ar,treatment,united-arab-emirates,dubai,heart-surgery,,0.8,weekly,جراحة القلب من دبي إلى الهند,draft
https://shifaalhind.com/medical-tourism/united-arab-emirates/abu-dhabi,en,city,united-arab-emirates,abu-dhabi,,,0.9,weekly,medical tourism Abu Dhabi to India,draft
https://shifaalhind.com/ar/medical-tourism/united-arab-emirates/abu-dhabi,ar,city,united-arab-emirates,abu-dhabi,,,0.9,weekly,السياحة العلاجية من أبو ظبي إلى الهند,draft
https://shifaalhind.com/medical-tourism/qatar/doha,en,city,qatar,doha,,,0.9,weekly,medical tourism Doha to India,draft
https://shifaalhind.com/ar/medical-tourism/qatar/doha,ar,city,qatar,doha,,,0.9,weekly,السياحة العلاجية من الدوحة إلى الهند,draft
https://shifaalhind.com/medical-tourism/oman/muscat,en,city,oman,muscat,,,0.9,weekly,medical tourism Muscat to India,draft
https://shifaalhind.com/ar/medical-tourism/oman/muscat,ar,city,oman,muscat,,,0.9,weekly,السياحة العلاجية من مسقط إلى الهند,draft
https://shifaalhind.com/medical-tourism/kuwait/kuwait-city,en,city,kuwait,kuwait-city,,,0.9,weekly,medical tourism Kuwait to India,draft
https://shifaalhind.com/ar/medical-tourism/kuwait/kuwait-city,ar,city,kuwait,kuwait-city,,,0.9,weekly,السياحة العلاجية من الكويت إلى الهند,draft
https://shifaalhind.com/medical-tourism/bahrain/manama,en,city,bahrain,manama,,,0.9,weekly,medical tourism Manama to India,draft
https://shifaalhind.com/ar/medical-tourism/bahrain/manama,ar,city,bahrain,manama,,,0.9,weekly,السياحة العلاجية من المنامة إلى الهند,draft
